id;nome;cpf;idade;email;telefone
1;Car Regional;Wooden haptic Granite;Investment Lari;Anibal14@yahoo.com;Steel
2;Junction;Fish;Licensed;Miguel97@gmail.com;programming Health Maryland
3;withdrawal;Multi-layered;Data;Kamron.Spinka@yahoo.com;Principal Loan transmitting
4;24/365 input Unbranded;parsing Visionary;scalable;Theresa59@hotmail.com;Persevering interfaces vortals
5;payment Intelligent;enable solution-oriented virtual;Automotive;Wilfredo3@yahoo.com;Mouse Plastic
6;Administrator Drives Algeria;Fantastic Managed;engage;Raegan_Waters33@hotmail.com;Land
7;Buckinghamshire Oklahoma;Customer;Cotton Motorway;Milo_Brakus18@hotmail.com;Chicken
8;maximize;standardization incubate;Gorgeous Oklahoma Gorgeous;Ethelyn65@gmail.com;Intelligent Jamaica
9;matrix local success;Mexico matrix hacking;sticky Mews compress;Hailee.Cormier50@hotmail.com;RSS deposit green
10;black Human transparent;Chicken Markets;District system Cotton;Bertha_Douglas5@yahoo.com;Street Squares HDD
